,JURO_NOMINAL,GDP,L_GDP,CPI,L_CPI_U,CPICORE,L_CPICORE_U,UNR_U,CAPU_U,META_IMPLICITA,META,LF,P,EXPECTATIVA_U,CDS,UST10,INCERTEZA,CAMBIO_NOMINAL,L_CAMBIO,CAGED,L_CAGED,ONI,d_elnino,d_lanina,L_LIVRES_U,L_EX_3_U,CPI_A,CPI_I,CPI_S,CPI_C,L_CPI_A_U,L_CPI_I_U,L_CPI_S_U,L_CPI_C_U,COMM_AGRO,COMM_METAL,COMM_ENERGIA,BRENT,W_CPI_A,W_CPI_I,W_CPI_S,W_CPI_C,HIATO_BC,E_JURO_NOMINAL,PRIMARIO,DUM_ENERGIA,CAGED_GAP,GDP_GAP
2004Q1,16.46376812,212621.7,1226.726981,142.0625382,495.6267371,137.5912326,492.4287207,14.03422222,80.6,5.5,5.5,,,5.529090124,515.0212586,1,-12.56156863,2.895794921,106.3259657,22865829.38,16.94515419,0.3,1,0,361.515325,488.8327725,165.6758943,132.4667696,135.6241402,149.7474871,511.0033436,488.6331819,490.9887384,500.8950456,83.56,82.09,64.14,31.9362556,11.03792401,37.26673474,29.80575119,21.88959006,-0.32,14.63904513,3.394847456,0,-0.687624012,-0.903173165
2004Q2,16.0375,218443.9,1229.428451,144.3329084,497.2122495,140.020367,494.1787891,14.19422222,81.6,5.5,5.5,,,5.615913719,735.4793141,1.003787879,-10.06156863,3.046414502,111.3965326,23297747.94,16.96386726,0.2,1,0,363.0512726,491.103959,167.2159368,135.735216,137.2474667,153.540146,511.9286012,491.0706047,492.1785623,503.396207,86.39,79.84,68.64,35.43166668,10.94319005,37.46130461,29.69203512,21.90347022,0.02,14.66995968,2.420529288,0,-0.524694007,0.717992069
2004Q3,16.04365079,221217.3,1230.690076,147.1352469,499.1352211,142.4778919,495.9186843,13.03422222,82.63333333,5.5,5.5,,,5.99431243,550.6682323,1.425685426,-13.46156863,2.976710606,109.0818867,23816219.38,16.98587739,0.6,1,0,364.3878908,492.5106043,169.2526608,137.6726186,140.4997481,157.5669191,513.1392633,492.4878538,494.5205696,505.9850251,83.33,85.09,77.47,41.59469696,10.9858903,37.32107792,29.60344117,22.08959061,0.38,15.74696276,2.074281051,0,0.139175764,0.897801786
2004Q4,16.97753623,222909.2,1231.451979,150.0820424,501.1182094,144.6094328,497.4036541,12.13422222,82.5,5.5,5.5,,,5.905216613,381.4394026,1.939613527,-16.39490196,2.785577317,102.4455147,24220429.05,17.00270701,0.7,1,0,365.6847985,494.3747357,167.6632893,140.2743478,143.1595398,162.3941925,512.1957738,494.3600132,496.3959671,509.0026667,85.88,91.22,77.48,44.16052103,10.6099597,37.48448371,29.74787814,22.15767845,0.63,16.9562003,2.241514574,0,0.259572998,0.580786724
2005Q1,18.46332371,224543.7,1232.182562,152.7693812,502.8929472,147.1943609,499.1753896,12.43422222,82.5,4.5,4.5,,,5.454425177,353.2874927,2.441485507,-15.02823529,2.667518772,98.11487415,24604095.42,17.01842347,0.6,1,0,367.3894528,495.8212326,170.8993587,141.9382545,146.7273659,165.0268063,514.1074838,495.5392136,498.8576211,510.6107923,89.89,99.28,82.56,47.63796481,10.60970503,37.25395162,29.90403472,22.23230863,0.6,17.94666712,1.835817132,0,0.16089841,0.226791496
2005Q2,19.5609127,225936.1,1232.800749,154.8225866,504.2279859,148.743399,500.2222667,11.99422222,82.1,4.5,4.5,,,5.216750329,376.5442633,2.916666667,-7.361568627,2.478630952,90.77063723,25048945.2,17.03634228,0.3,1,0,368.7748377,497.6947414,172.0409967,143.0282355,148.9887961,168.5845666,514.7732801,496.3042062,500.3871109,512.7437503,86.58,85.74,80.53,51.61041126,10.66775756,36.91013528,29.87299191,22.54911526,0.14,18.23511905,2.730479607,0,0.246700481,0.504879722
2005Q3,19.70238095,227619.6,1233.543109,156.0176567,504.9969185,149.3749476,500.6459572,11.33422222,81.46666667,4.5,4.5,,,4.983346054,319.4863917,3.429018445,-8.628235294,2.343132527,85.14887209,25372110.97,17.04916114,-0.1,0,1,368.8247752,498.5334771,167.1172073,143.2753075,151.8019753,172.3892505,511.8695406,496.4768006,502.2576878,514.9755004,88.7,87.81,100.36,61.56188941,10.24371716,36.83399392,30.31124595,22.61104297,-0.32,17.45332006,3.061560325,0,-0.009982871,-1.316385723
2005Q4,18.80075758,228712.8,1234.022235,158.6213104,506.6519666,150.3139805,501.272631,11.06422222,81.63333333,4.5,4.5,,,4.534053575,263.7898102,3.968253968,-13.76156863,2.251141703,81.14375111,25769000.33,17.06468279,-0.6,0,1,369.9127558,499.8007912,170.1643921,143.0636442,153.5754714,176.8970411,513.6764982,496.3289596,503.4192117,517.5567875,100,100,100,56.92352091,10.20170536,36.30337991,30.39234328,23.10257145,-0.38,16.54515335,2.847136809,0,-0.013807914,-1.182045513
2006Q1,17.2020751,232675.4,1235.739963,160.9002694,508.0784728,151.7153934,502.2006354,11.79422222,81.46666667,4.5,4.5,,,4.364071836,154.8312943,4.435127674,-15.22823529,2.193146765,78.53373915,26198774.05,17.08122318,-0.8,0,1,371.2196856,500.8684348,167.9548884,143.6049382,157.1772698,180.0616254,512.3695422,496.7066044,505.7374275,519.3299156,102.28,109.23,81.76,61.84625888,10.07623784,36.08205245,30.67485165,23.16685805,-0.29,15.0890653,1.646694175,0,0.006625324,-0.54846758
2006Q2,15.73611111,233233,1235.979323,161.0604594,508.1779818,151.3846217,501.9823762,12.19422222,81.66666667,4.5,4.5,,,4.243225813,162.8454864,4.898880105,-12.72823529,2.184373597,78.13291042,26615307.65,17.09699708,-0.1,0,1,370.8290317,501.9762185,165.1471859,142.4377508,158.6717879,181.964662,510.6837112,495.8905068,506.6837842,520.3812503,103.46,114.73,81.19,69.85206125,9.899708834,35.74563139,30.85787415,23.49678562,-0.28,14.15501283,3.607016114,0,-0.121934558,-1.404426079
2006Q3,14.67201518,237003.3,1237.582934,161.7861965,508.6275689,151.2132426,501.8691043,12.29422222,81.83333333,4.5,4.5,,,4.444077551,137.7323815,5.25,-12.16156863,2.171362112,77.5354672,26965727.2,17.11007725,0.3,1,0,371.2586866,502.4658085,165.6320998,141.0795059,159.8225767,182.6543924,510.9769062,494.9323603,507.4064304,520.7595801,100.32,122.64,77.07,70.09421669,9.829266891,35.43296845,31.14287333,23.59489133,-0.15,13.69001426,2.292349393,0,-0.342623099,-0.891038373
2006Q4,13.65396825,239810.5,1238.760431,163.604835,509.7453977,151.6133217,502.1333343,11.09422222,82.03333333,4.5,4.5,,,4.059224848,109.9709335,5.25,-10.82823529,2.151512063,76.61708801,27367762.87,17.12487634,0.9,1,0,372.4562443,503.5337953,169.8215468,140.0179688,160.944694,183.5175386,513.4748161,494.1770763,508.106079,521.2310241,107.11,141.29,75.35,59.71212842,10.04702676,35.02419333,31.31698008,23.61179983,-0.03,12.60709895,2.137680906,0,-0.42197963,-0.807814058
2007Q1,12.99134199,244641.5,1240.754915,165.6584015,510.9927846,152.8746821,502.9618515,11.66422222,82.43333333,4.5,4.5,,,3.873056461,93.35761732,5.25,-13.36156863,2.107136124,74.53297383,27819095.91,17.14123325,0.2,1,0,374.0021981,504.3425655,175.5092687,139.396973,163.2738864,184.1293415,516.7691855,493.7325783,509.5429075,521.5638454,107.6,143.93,75.37,58.15201648,10.18427436,34.69218246,31.55893666,23.56460652,0.32,11.91799609,1.683074068,0,-0.373159344,0.096132169
2007Q2,12.40714286,248441.7,1242.296349,167.0038558,511.8016901,153.3668302,503.2832635,11.89422222,82.56666667,4.5,4.5,,,3.573598203,69.60480331,5.25,-12.92823529,1.981751219,68.39809078,28318651.81,17.15903122,-0.4,0,1,374.870784,505.3009851,177.2743716,139.2568899,164.1896609,185.7864412,517.7698655,493.6320356,510.1022228,522.4597849,104.05,154.04,83.67,68.76583851,10.25120538,34.47033027,31.56338179,23.71508256,0.62,10.955553,1.918199959,0,-0.274103694,0.546588495
2007Q3,11.52506266,250959.3,1243.304605,168.4942116,512.6901397,154.3721842,503.9366467,11.19422222,82.83333333,4.5,4.5,,,3.66856642,99.91792194,5.171052632,-13.19490196,1.914707132,64.95646773,28666578.34,17.17124248,-0.8,0,1,376.2174692,506.0497793,183.1307432,139.0582779,165.2640051,184.8912093,521.0200341,493.4893111,510.7544226,521.9767594,111.66,149.53,84.31,75.04333399,10.64452325,34.1910456,31.6839026,23.48052855,0.95,10.55408614,0.515552584,0,-0.590660909,0.475013024
2007Q4,11.25,254911.9,1244.867327,170.8972431,514.1062458,156.0124912,504.9936076,9.964222222,83.63333333,4.5,4.5,,,3.926688599,95.62968238,4.521376812,-11.59490196,1.785280563,57.9575581,29291316.49,17.19280166,-1.5,0,1,378.0309383,507.6852641,188.8665193,139.6217707,167.0399522,186.0464853,524.1040518,493.8937129,511.8233018,522.5996563,120.32,143.6,93.85,88.96314103,10.73486614,34.06337777,31.7293068,23.47244929,1.28,10.81877016,0.842463609,0,0.022512094,0.964291242
2008Q1,11.25,257772.1,1245.983114,173.4907843,515.6124481,157.9142979,506.2052467,10.29422222,84.3,4.5,4.5,,,4.247655675,148.8842139,3.186507937,-8.561568627,1.737234199,55.22943078,29884455.11,17.21284901,-1.5,0,1,379.8552519,508.9225971,194.9717707,139.5665756,170.1730548,187.2627674,527.2854783,493.8541732,513.6815889,523.2512804,136.75,172.1,120.98,96.64931677,11.06871939,33.69671678,31.9826145,23.25194933,1.39,11.16338895,1.931308165,0,0.500017565,1.016343753
2008Q2,11.79761905,263750.5,1248.275886,177.1241899,517.6851124,161.3463523,508.3553311,9.934222222,83.7,4.5,4.5,,,4.594327239,110.4971825,2.079545455,-13.69490196,1.654471573,50.34816666,30488843.18,17.23287138,-0.8,0,1,382.5429266,511.2137362,207.6408963,141.0871518,173.2479308,188.4857668,533.5810128,494.9377797,515.4723694,523.9022497,143.52,158.26,167.26,122.2440692,11.43706389,33.46778896,31.95607408,23.13907307,1.63,13.09457115,0.742631102,0,0.864863681,2.259304476
2008Q3,12.98567194,263750.5,1248.275886,179.0257843,518.7529842,162.4287333,509.0239342,9.664222222,83.4,4.5,4.5,,,5.149773558,138.9351023,2,-12.92823529,1.667783255,51.14953524,31046144.28,17.25098518,-0.2,0,1,383.5909197,512.97838,206.5245823,141.8762036,175.3747396,190.79391,533.0419448,495.4954872,516.6925054,525.119384,130.67,134.05,119.41,115.6051725,11.6118432,33.22269288,32.02561546,23.13984846,1.38,14.50869318,1.153199645,0,1.15380611,2.68146612
2008Q4,13.75,257532.9,1245.890276,180.984134,519.840937,163.3602486,509.5957876,9.164222222,81.53333333,4.5,4.5,,,5.192100316,351.9770333,1.05615942,20.67176471,2.284612833,82.61965715,30991390.84,17.24922001,-0.6,0,1,384.8481105,514.8027608,209.9566752,140.8827133,178.0141621,191.9830714,534.6901201,494.7927724,518.1863109,525.7407198,100.74,81.69,76.28,55.77905073,11.57670286,33.06786343,32.24807264,23.10736107,-0.51,13.64759493,0.598184055,0,-0.530730022,-2.198141676
2009Q1,12.61544012,257532.9,1245.890276,183.2187547,521.068082,163.9113501,509.9325734,10.43422222,79.76666667,4.5,4.5,,,4.640303565,357.3789076,0.25,16.27176471,2.315815382,83.97618424,30978170.25,17.24879333,-0.8,0,1,386.1149291,516.2491923,210.9353732,139.6347183,180.741884,193.4657466,535.1551798,493.9029857,519.7069958,526.5100477,100.33,84.69,59.02,44.9335606,11.6058261,32.40466402,32.7944264,23.19508347,-1.78,10.69770057,2.887784802,0,-2.033390715,-4.638563187
2009Q2,10.32777778,258527.3,1246.275658,185.6293347,522.3751861,164.7819765,510.4623245,10.46422222,80.13333333,4.5,4.5,,,4.188104017,229.2119444,0.25,5.871764706,2.076248773,73.0562791,31148313.9,17.25427067,0,0,0,387.5414957,517.9045727,213.3537234,138.9613403,183.1215866,196.0005924,536.2951461,493.4195767,521.015034,527.8117682,110.68,107.39,66.04,59.1804762,11.60529998,32.19902686,32.86389399,23.33177916,-1.85,9.036898079,2.825672994,0,-3.046320265,-3.837239849
2009Q3,8.863636364,264587.7,1248.592804,186.8012069,523.0044987,164.8604553,510.5099391,9.794222222,80.76666667,4.5,4.5,,,4.148850969,139.5244459,0.25,1.471764706,1.865447161,62.3500789,31655004.02,17.2704068,0.6,1,0,387.9711715,518.8630211,211.6816727,138.6807023,184.1926063,198.9667008,535.5083602,493.2174185,521.5981984,529.3137478,114.94,122.4,67.62,68.36734487,11.58324265,31.85532181,32.97205828,23.58937726,-1.38,8.750480769,1.809192353,0,-2.945972098,-2.523175998
2009Q4,8.75,271323.7,1251.106785,188.7882211,524.0625864,166.6050386,511.5625973,9.064222222,82.13333333,4.5,4.5,,,4.427816939,124.2043149,0.25,-4.328235294,1.739941389,55.38514282,32378607.13,17.29300849,1.4,1,0,388.9195708,520.209718,211.7930393,139.6468544,187.4316681,200.8808519,535.5609568,493.9116767,523.3414342,530.2711956,126.71,138.22,76.99,74.97691918,11.46800825,31.83205452,33.05917055,23.64076668,-0.65,9.530456349,4.403096118,0,-2.12098569,-0.993336693
2010Q1,8.75,277432.6,1253.33333,192.6845012,526.1054142,169.0091442,512.9952821,9.264222222,82.56666667,4.5,4.5,,,4.509786957,129.3294196,0.25,-5.428235294,1.802545217,58.91996756,33111422.14,17.31538886,1.2,1,0,391.3595103,521.5366027,219.6383478,139.9535448,190.8708413,201.6858412,539.198232,494.1310545,525.1596976,530.6711245,121.76,143.64,73.62,76.66638789,11.51475573,31.56944364,33.37252846,23.54327218,-0.02,10.48382904,0.339149755,0,-1.265989283,0.265902991
2010Q2,9.473214286,280158.4,1254.311044,194.6160689,527.102874,170.126651,513.6543165,9.094222222,83.7,4.5,4.5,,,4.738528134,131.1921558,0.25,-6.261568627,1.793186905,58.39944307,33840286.37,17.33716256,-0.2,0,1,392.5255982,523.330924,220.1978415,140.0582802,193.4564335,202.5413346,539.4526422,494.2058623,526.5052337,531.0943987,115.12,130.54,77.69,78.67259018,11.82962155,31.2997756,33.49330814,23.37729471,0.4,11.59741111,0.792446546,0,-0.549565507,0.300687814
2010Q3,10.64393939,283033.2,1255.331948,195.5895949,527.6018561,170.2821204,513.7456593,8.464222222,83.53333333,4.5,4.5,,,5.10588693,121.8574242,0.25,-8.994901961,1.749575917,55.93734254,34506486.07,17.35665787,-1.3,0,1,393.023946,524.2792716,218.8182659,139.1931776,195.3869851,203.1230769,538.8241549,493.5862735,527.4982131,531.3812085,138.94,155.96,73.74,76.4051515,11.47371753,31.12689516,33.94115971,23.4582276,0.7,11.54253846,2.584608653,0,-0.021755743,0.414804348
2010Q4,10.75,286929.2,1256.699077,199.9438461,529.8036558,173.319026,515.5133977,7.534222222,83.6,4.5,4.5,,,5.218248266,106.1605036,0.25,-8.794901961,1.697422365,52.91108445,35080319.87,17.37315084,-1.6,0,1,395.7711584,526.580198,231.1905966,139.7521411,198.7630716,204.1186748,544.3242464,493.9870433,529.2113521,531.8701564,166.22,180,84.56,86.79487229,11.97245986,30.83805536,33.92171552,23.26776926,0.96,11.64482874,1.636410499,0,0.338082102,0.914671233
2011Q1,11.32101086,290983.2,1258.102081,204.8216151,532.213943,176.9727319,517.5995663,8.094222222,83.53333333,4.5,4.5,,,5.263405224,114.1025897,0.25,-10.02823529,1.667266032,51.11851783,35640152.57,17.38898344,-1.2,0,1,398.1614548,528.414498,236.2323059,140.444684,205.7913271,207.6678414,546.4815668,494.4813703,532.686268,533.5939887,187.32,199.8,90.06,104.8971887,12.05005286,30.42335361,34.41964643,23.1069471,1.16,12.25021408,0.446541821,0,0.69685372,1.489078858
2011Q2,12.00647452,293224.1,1258.869244,207.6798689,533.5997802,178.2190284,518.3013291,8.164222222,83.4,4.5,4.5,,,5.177885558,108.1488326,0.25,-10.82823529,1.594857955,46.67846758,36236338.59,17.405573,-0.6,0,1,399.4185901,530.6560936,237.6184423,140.2460656,208.8476237,212.4026173,547.0666203,494.3398491,534.1604913,535.8483612,171.93,186.91,92.47,117.1221285,12.08713353,29.9014067,34.47066481,23.54079496,1.27,12.38928526,0.916439507,0,1.105713502,1.698275943
2011Q3,12.27449965,293843.4,1259.080225,209.8883452,534.65757,179.5597646,519.0508103,7.864222222,83.26666667,4.5,4.5,,,5.426350936,144.5155702,0.25,-1.361568627,1.637589165,49.3225139,36672846.25,17.41754715,-0.6,0,1,400.5260369,532.1224652,237.8172339,140.2735024,212.2192506,214.0305863,547.1502454,494.3594105,535.7619941,536.6118931,170.27,175.9,87.26,112.9963583,11.92914462,29.76904504,34.89744247,23.40436787,0.91,12.20609882,1.310784617,0,1.100860304,0.761176531
2011Q4,11.42099567,293224.1,1258.869244,212.9464125,536.1040549,181.7280392,520.2511279,7.064222222,82.53333333,4.5,4.5,,,5.483200081,163.5763636,0.25,-0.828235294,1.80126119,58.84870807,37093364.62,17.42894866,-1.1,0,1,402.1912671,533.9170353,244.3128117,139.9412477,216.2780209,215.5571148,549.8449419,494.1222676,537.6564714,537.3225908,154.71,152.99,79.51,109.3145311,12.02180442,29.39875686,35.2660852,23.31335353,0.62,10.24414253,0.913831426,0,1.227231913,0.913120246
2012Q1,10.38636364,295608.8,1259.679224,215.5542528,537.3212631,183.7774853,521.3725707,7.664222222,82.16666667,4.5,4.5,153601,62.3,5.376793779,139.6300895,0.25,-8.428235294,1.7665563,56.90320582,37499353.79,17.43983426,-0.7,0,1,403.5079957,535.303563,246.5909369,138.9692428,222.1317198,217.0193059,550.7730838,493.4252634,540.3270538,537.9986317,158.25,168.28,75.1,118.5415512,12.09615962,28.90818908,35.79560178,23.20004953,0.82,9.489209506,1.347623297,0,1.347178077,-0.988212026
2012Q2,8.955681818,296829.6,1260.091352,217.8889335,538.3985454,184.949125,522.0080787,7.7,82.16666667,4.5,4.5,154180,62.9,5.522566014,143.5007039,0.25,-4.894901961,1.964991515,67.54879272,37876033.9,17.44982912,-0.3,0,1,404.6249253,536.7997898,252.0581836,137.8060489,224.9910537,218.9765678,552.9659948,492.5847254,541.606064,538.8964728,140.82,146.89,65.39,108.9005797,12.18124134,28.67393291,35.90597687,23.23884887,0.85,8.37083344,0.000959091,0,1.420861524,0.179851902
2012Q3,7.864624506,301931.8,1261.795644,220.9754633,539.805167,187.4049061,523.3271549,7.333333333,82.33333333,4.5,4.5,154758,62.8,5.576733325,129.0759418,0.25,-6.161568627,2.027770997,70.69371587,38207310.56,17.45853743,0.4,1,0,406.2902148,538.3258827,261.3353858,137.8902009,228.4139137,220.2070487,556.5804586,492.6457723,543.1159394,539.4568234,156.74,161.29,74.7,109.9544697,12.44331761,28.1649625,36.22143149,23.17028841,1.01,7.569661175,0.267361912,0,1.428942996,1.407641849
2012Q4,7.275362319,301991,1261.815249,225.3794357,541.7785363,190.9831339,525.218512,6.9,82.46666667,4.5,4.5,155330,62.7,5.46901596,108.1296142,0.25,-11.96156863,2.059166212,72.23011494,38441569.93,17.46464998,0.1,1,0,408.5414716,540.1999945,269.5089097,139.5038834,233.113995,222.9893094,559.660145,493.8092439,545.1527583,540.712383,153.28,165.17,76.04,110.4417655,12.71673357,27.94348149,36.22627023,23.11351471,1.31,7.388326613,0.762760277,0,1.377385197,1.016932228
2013Q1,7.25,303283.2,1262.24223,229.7564086,543.7019655,195.5953732,527.6048103,7.733333333,82.66666667,4.5,4.5,155902,62.6,5.50513814,120.6902783,0.25,-13.56156863,1.995335051,69.08119816,38704968.14,17.47147853,-0.4,0,1,411.3865923,542.3021737,285.2914457,141.3158454,237.9209172,219.5444392,565.3511274,495.0997424,547.1938338,539.1554669,149.69,158.06,76.91,112.8745652,13.15991281,27.83176055,36.65650373,22.35182291,1.62,7.610510642,-1.028870079,0,1.432567742,1.104021673
2013Q2,7.637085137,308401.8,1263.915876,232.4777177,544.8794382,197.3753525,528.5107258,7.7,82.73333333,5.5,4.5,156466,62.8,5.606368315,139.4499699,0.25,-14.52823529,2.071334329,72.8193003,39010544.7,17.47934254,-0.4,0,1,412.5838585,544.1862145,287.496687,141.9410628,241.052133,221.5054124,566.1211337,495.541192,548.501323,540.0447024,143.18,139.3,73.52,103.004137,13.37360981,27.74516505,36.54940415,22.331821,1.94,8.48104398,-1.648034487,0,1.683119378,2.509777238
2013Q3,8.638669302,309431.5,1264.249202,233.9214444,545.4985351,198.8360532,529.2480632,7.2,82.36666667,5.5,4.5,157023,62.6,6.031179967,186.0692049,0.25,-15.22823529,2.28788935,82.76297113,39311728.64,17.48703347,-0.3,0,1,413.4025286,545.5032109,283.9785713,142.5815944,245.0778109,221.768298,564.8898782,495.9914428,550.1575755,540.1633134,139.99,145.25,75.31,110.1008385,13.10399329,27.6751129,36.95718334,22.26371048,2.15,9.429700499,-1.943772762,0,1.975793499,2.650274963
2013Q4,9.64699793,309809,1264.371126,238.7012041,547.5212578,202.5802483,531.1136096,6.566666667,82.1,5.5,4.5,157565,62.4,6.061394317,182.2936026,0.25,-19.82823529,2.278313551,82.34354987,39548290.77,17.49303303,-0.2,0,1,415.5743216,547.5461069,290.477345,144.5394274,250.2749493,225.3183503,567.1525587,497.3552324,552.2560111,541.7514292,138.16,144.15,80.35,109.3964778,13.11884102,27.63624728,37.10617827,22.13873343,2.42,10.29157354,0.279043466,0,2.30315155,2.643595276
2014Q1,10.52336957,309809,1264.371126,243.8935232,549.673175,207.2127177,533.3745887,6.833333333,81.76666667,5.5,4.5,158107,62.4,6.023147154,185.4474405,0.25,-13.59490196,2.362774833,85.9836705,39781611.88,17.49891535,-0.5,0,1,418.1423596,549.459828,300.5524424,146.616926,256.5286796,227.2101499,570.5622256,498.782324,554.724047,542.587536,151.66,143.26,80.22,107.929383,13.12767056,27.47327764,37.31727559,22.08177622,2.27,11.2049705,-2.6917647,0,2.639670104,3.452558183
2014Q2,10.99621212,307815.3,1263.725521,247.643665,551.1990878,210.2291991,534.819836,7.066666667,81.26666667,5.5,4.5,158641,62.4,5.979156951,148.8539885,0.25,-14.82823529,2.228945317,80.15285216,39905502.09,17.50202477,0.2,1,0,419.6384756,551.4132948,304.7569699,147.904752,261.4003101,230.9117973,571.9514639,499.6568499,556.6052987,544.2035808,147.88,145.96,81.95,109.806645,13.44324029,27.33179808,37.19202428,22.03293735,2.07,11.6360041,-2.730408304,0,2.804706263,1.943041446
2014Q3,11,307815.3,1263.725521,249.7028397,552.027157,211.0643082,535.2162865,6.966666667,81.3,5.5,4.5,159168,62.3,6.214644618,145.837848,0.25,-12.32823529,2.275550703,82.22220904,40087909.48,17.50658534,0.1,1,0,420.3263671,552.800003,304.2732011,148.1907048,263.3403953,234.4324765,571.7925986,499.849999,557.3447474,545.71676,140.15,145.09,74.31,102.080596,13.14234472,27.19676819,37.49559133,22.16529576,1.78,11.40452652,-3.169538564,0,3.169687338,1.980869975
2014Q4,11.32641634,307745.4,1263.70281,253.9962621,553.7319551,214.1245764,536.6557979,6.633333333,80.76666667,5.5,4.5,159679,62.3,6.465597616,172.9610203,0.25,-10.29490196,2.548641667,93.55605376,40011635.39,17.50468085,0.6,1,0,422.0805864,554.3657209,311.2250309,148.8647641,268.2770462,238.4571987,574.0516223,500.303827,559.2020201,547.4189834,140.29,134.92,59.21,75.95686954,13.27199426,26.93101557,37.5426397,22.25435047,1.51,11.99275134,-2.101455445,0,3.043627697,2.599594279
2015Q1,12.29545455,307184.7,1263.520447,263.7187302,557.4883119,218.6303748,538.7382518,7.466666667,80.16666667,5.5,4.5,160189,62.4,6.192089194,242.0559545,0.25,-4.928235294,2.86551823,105.2749217,39839430.24,17.50036769,0.5,1,0,424.5205356,556.3190477,322.5956715,150.8084725,273.9809119,259.7817205,577.6399748,501.6010637,561.305844,550.9841742,127.77,124.57,50.34,54.04622727,13.32010007,26.4136582,37.52474267,22.74149907,0.93,12.61011612,-1.749508861,0,2.703960653,2.056170826
2015Q2,13.25,299204.9,1260.88839,269.670204,559.7199746,222.6038463,540.5393717,8.266666667,79.46666667,5.5,4.5,160693,62.7,5.922811006,239.3937987,0.25,-1.994901961,3.069228175,112.1426121,39372579.54,17.48858018,0.9,1,0,426.4840627,558.520946,333.4923886,152.9869599,278.1512,267.9366947,580.9620042,503.0352688,562.8164851,554.0750739,129.12,119.23,52.51,62.09896102,13.47691883,26.11109183,36.89435899,23.51763036,0.18,13.2716158,-1.018535118,0,1.691127253,-0.396624665
2015Q3,14.10507246,294779,1259.39812,273.4075832,561.0963661,224.8837732,541.5583705,8.866666667,78.4,5.5,4.5,161192,62.9,5.70007713,335.7266949,0.25,20.47176471,3.54644755,126.5946412,38889348.93,17.47623096,1.9,1,0,427.5419934,560.1365866,333.9138657,154.256841,282.2910215,274.2170965,581.0883073,503.8619012,564.293853,556.3920116,123.26,110.73,46.64,50.03149445,13.37470907,25.95556466,36.9354833,23.73424297,-1.19,13.42184615,1.601063644,0,0.638098567,-1.68641158
2015Q4,14.25,292456.8,1258.607224,281.106548,563.8733772,230.2614478,543.9215393,9.1,77.9,5.5,4.5,161679,62.8,6.449967466,443.7025202,0.293478261,10.17176471,3.843155173,134.6293689,38429365.97,17.46433246,2.6,1,0,430.2491773,562.0305653,350.2851746,156.7977191,287.9639015,283.1085773,585.8747607,505.4956561,566.283513,559.583049,123.82,103.49,37.89,43.42099098,13.47568179,25.74122127,36.74669442,24.03640252,-1.93,13.92511905,-3.787253968,0,-0.291231288,-2.278262417
2016Q1,14.25,289363.6,1257.543931,288.473817,566.4604326,236.1321041,546.4391412,10.33333333,77.36666667,5.5,4.5,162166,62.9,6.598186131,453.5909034,0.5,10.67176471,3.90703697,136.2779279,37978264.66,17.45252457,2.1,1,0,433.0950715,563.9742364,370.211162,160.1817567,292.7501174,287.0429241,591.4073551,507.630915,567.9319404,560.9631766,121.78,114.07,36.38,34.35772257,13.87476955,25.54755176,36.67605601,23.90162268,-2.5,14.17409836,1.077778421,0,-1.190747008,-3.699912664
2016Q2,14.25,287763.9,1256.989563,293.5210693,568.1949423,239.5842206,547.8905007,11.33333333,77.09333333,4.5,4.5,162648,63,6.00317844,346.5292763,0.5,16.10509804,3.502318781,125.3425258,37624967.52,17.44317842,0.4,1,0,434.640962,565.5897999,379.7190882,162.3835707,295.9644018,293.783908,593.9431738,508.9961257,569.0239183,563.284449,127.18,118.14,47.27,45.95284272,14.15996452,25.56187047,36.36858625,23.90957876,-3.12,12.82609127,2.402459679,0,-1.826181268,-2.960736896
2016Q3,14.25,287615.1,1256.937841,296.5826638,569.2325978,242.2601067,549.001197,11.83333333,76.86,4.5,4.5,163128,62.5,5.376678985,276.3864111,0.5,6.671764706,3.247729055,117.7956,37322233.07,17.43509977,-0.5,0,1,435.847136,566.6877779,384.0029321,163.1062211,300.6557251,295.1004953,595.0650188,509.4401652,570.596584,563.731596,122.78,129.53,51.63,45.80131217,14.28081628,25.47680545,36.5298011,23.71257718,-3.25,12.3189884,1.647559136,0,-2.356602527,-3.404789243
2016Q4,13.96031746,287615.1,1256.937841,298.7826825,569.9716495,243.8239286,549.6446361,12.03333333,76.72666667,4.5,4.5,163603,62.7,4.995915497,285.9749228,0.549242424,11.00509804,3.292205455,119.1557691,37057891.02,17.42799187,-0.7,0,1,436.5860494,567.7060448,380.4955925,163.6447415,305.0755928,298.026944,594.1474594,509.7697868,572.0559591,564.7183899,123.49,139.55,61.66,50.07821789,14.01285124,25.38623095,36.69053401,23.91038381,-3.53,11.52515487,0.384815477,0,-2.865647881,-3.484147375
2017Q1,12.76704545,290238.1,1257.84569,301.6600558,570.930074,245.8346905,550.465932,13.3,76.89666667,4.5,4.5,164077,62.9,4.726834718,238.2942657,0.797101449,4.571764706,3.141869514,114.4818009,36889088.41,17.42342636,-0.2,0,1,437.2652637,568.475057,380.024196,163.7847149,310.2393903,302.9043124,594.0234924,509.8552852,573.7344226,566.3416955,121.79,143.34,57.04,54.11816272,13.78546742,25.20571001,37.09395945,23.91486312,-3.38,9.905152692,1.968067149,0,-3.037241548,-2.258245967
2017Q2,11.01884058,292395.1,1258.586125,302.3218919,571.1492317,246.6642988,550.8028298,13.4,77.08,4.5,4.5,164545,63.1,4.603366665,228.6595959,1.049242424,9.805098039,3.213962554,116.7504616,36910506.55,17.4240068,0.3,1,0,437.514495,569.2340907,377.9413499,163.5535853,313.3142787,302.819595,593.4739025,509.7140675,574.7206772,566.3137232,119.25,137.88,54.2,50.27630502,13.80488004,24.98494843,37.09760099,24.11257054,-3.32,8.748655022,1.824704769,0,-2.709026718,-1.441834104
2017Q3,9.234126984,293285.2,1258.890079,304.1090519,571.738636,246.3313344,550.6677518,12.7,77.52333333,4.5,4.5,165007,63.2,4.315239814,205.6920801,1.25,6.205098039,3.162945787,115.1503804,36885979.15,17.42334207,-0.1,0,1,437.2438885,569.6937081,366.8791967,163.3526455,316.073479,314.270253,590.503263,509.5911333,575.5974715,570.0253294,118.16,153.88,61.3,51.74080744,13.32329667,24.80080883,37.25400482,24.62188967,-3.09,7.574748546,2.552582839,1,-2.581098303,-1.086060464
2017Q4,7.550324675,294509.1,1259.306518,307.5888537,572.8764001,247.6086906,551.184964,12.1,77.86,4.5,4.5,165459,63.3,4.061794134,172.9518737,1.301587302,-2.461568627,3.249717619,117.8568106,36999781.18,17.42642256,-0.8,0,1,437.9222526,570.4825013,365.0657525,164.0584178,319.0231897,323.275348,590.0077481,510.0222571,576.5263795,572.8504431,120.12,152.44,66.58,61.46836218,12.98819584,24.62684838,37.28806684,25.09688893,-2.57,6.950401054,1.809518045,0,-2.320078076,-0.650536583
2018Q1,6.81969697,296092.7,1259.842786,309.7465213,573.575429,248.9951277,551.7433329,12.73333333,77.95333333,4.5,4.5,165909,63.1,4.083251919,153.8475652,1.53030303,0.205098039,3.243130832,117.6539169,37125291.86,17.42980902,-0.9,0,1,438.5214461,570.8520635,365.8317412,164.0563548,322.3784084,325.8992369,590.2173504,510.0209996,577.5726037,573.6588244,119.23,156.11,66.87,66.95132542,12.97063097,24.46348351,37.52058467,25.04530084,-2.15,6.859579608,0.600713272,0,-1.81831462,-0.116420205
2018Q2,6.5,296581.3,1260.007666,315.5967134,575.4465175,250.6591322,552.4093977,12.8,77.15,4.5,4.5,166354,62.9,4.139962552,207.4221346,1.801587302,14.47176471,3.608793651,128.3373548,37282492.01,17.43403439,-0.2,0,1,439.5079556,571.4314774,379.058595,164.140835,322.5526564,342.3139723,593.7690797,510.0724809,577.6266399,578.5728364,116.94,157.94,76.14,74.48866804,12.93821013,24.32593484,37.21836693,25.51748811,-2.27,6.518392857,2.364895823,1,-1.224296473,0.024276507
2018Q3,6.5,298254.1,1260.570109,317.8717036,576.1647854,251.3820655,552.6973955,12.23333333,77.85,4.5,4.5,166801,63.3,3.795723353,256.9816354,2.0125,10.33843137,3.955545361,137.5118483,37454534.34,17.43863834,0.2,1,0,439.7872635,572.1206662,373.4098126,164.7886069,325.3088112,349.6687407,592.267651,510.4663482,578.4774919,580.6986251,114.9,138.43,78.89,75.47547432,12.93713284,24.03216084,36.92408093,26.10662538,-2.22,7.046328125,1.673442755,0,-0.736255724,0.879193157
2018Q4,6.5,299266.8,1260.909076,319.1095392,576.5534427,253.6287798,553.5871701,11.76666667,77.63333333,4.5,4.5,167246,63.3,3.972620821,213.2091685,2.285714286,4.871764706,3.814217121,133.8735433,37582554.63,17.44205053,0.9,1,0,440.7950122,572.6992932,380.0430858,164.6818561,329.2394596,343.8610262,594.028463,510.4015468,579.6785327,579.0237582,118.55,138.57,64.92,67.36929355,13.02188973,23.83915934,37.04471053,26.0942404,-2.11,7.109979839,-0.505146606,0,-0.759319276,0.474238174
2019Q1,6.5,299364.6,1260.941751,323.9185561,578.0492114,257.4893144,555.0978222,12.53333333,77.46666667,4.25,4.25,167690,63.4,4.055271223,170.5052365,2.5,3.871764706,3.767992911,132.6542475,37680993.94,17.44466639,0.7,1,0,442.4302271,573.348514,395.4128046,165.5169148,333.4803876,346.7881896,597.9930294,510.9073394,580.9584056,579.8714189,117.01,146.99,65.47,63.27252037,13.24126595,23.78481413,37.35622318,25.61769673,-2,6.739036885,0.377484598,0,-0.495333874,0.769523491
2019Q2,6.5,301329.3,1261.595897,326.221005,578.7575081,258.3327653,555.4248542,12.36666667,78.43333333,4.25,4.25,168128,63.7,3.673952588,170.4561936,2.5,11.83843137,3.918379073,136.5678067,37871650.29,17.44971338,0.5,1,0,442.689092,574.3068432,394.3671183,166.259841,335.0269753,354.0366715,597.7282248,511.3551872,581.4211052,581.94005,112.45,137.33,58.18,68.33977997,13.30771637,23.62023295,36.99278199,26.07926869,-2.17,6.390357644,3.010236606,0,0.102968311,1.338209642
2019Q3,6.087991718,301501.2,1261.652928,327.0694697,579.0172594,258.401656,555.451518,11.93333333,77.13333333,4.25,4.25,168565,63.8,3.658398006,132.7188149,2.293995859,6.371764706,3.977432973,138.063663,37999880.19,17.45309356,0.1,1,0,442.648952,574.6463549,387.614144,166.2110316,337.3204612,358.4993847,596.0010371,511.3258256,582.1033402,583.1926944,108.12,135.08,59.78,61.85909089,13.11458205,23.50132467,37.21251571,26.17157757,-2.19,5.297612107,2.425881149,0,0.276364694,1.29021821
2019Q4,5.038537549,301501.2,1261.652928,332.8505235,580.7693511,262.6061069,557.0655217,11.4,76.63333333,4.25,4.25,168997,63.6,3.614103,120.1169376,1.826086957,2.738431373,4.11776903,141.5311519,38188531.46,17.4580458,0.5,1,0,444.6079096,575.5646426,407.7593579,166.7381609,341.393929,362.7635258,601.0677191,511.6424683,583.3037028,584.3751178,122.68,133.18,60.28,62.65627706,13.035901,23.43817178,37.21924902,26.3066782,-2.12,4.510554569,-0.211122251,0,0.125218334,1.512032397
2020Q1,4.265909091,295110.4,1259.51048,334.6174518,581.2987944,264.452359,557.7661118,11.86666667,76.5,4,4,169427,62.7,3.612174346,148.7079927,1.409090909,24.90509804,4.464925589,149.6252549,38139955.6,17.45677299,0.5,1,0,445.3167502,576.0441983,414.5310442,166.6588441,344.2119467,362.8415689,602.7147867,511.5948874,584.1257592,584.396629,104.58,118.51,36.82,50.52916404,13.45310762,23.14858519,37.31839855,26.07990864,-3.09,4.165827922,1.75502951,0,-0.158320439,-1.085218983
2020Q2,3.172077922,290478.6,1257.928519,333.1765457,580.8672517,264.9634708,557.959197,13.13333333,74.63333333,4,4,169852,57.3,3.260804308,293.1060981,0.25,84.67176471,5.388704206,168.4304949,36687457.06,17.41794549,-0.1,0,1,445.4961649,575.8641072,427.1125366,165.9391153,342.632212,354.9190538,605.704753,511.1620946,583.6657604,582.1889746,103.52,127.76,39.55,31.42976913,14.07867039,23.11771559,37.42108711,25.38252691,-5.21,2.566063474,-15.51372004,0,-4.009979556,-2.005956135
2020Q3,2.091269841,290478.6,1257.928519,337.323626,582.1042784,267.4248223,558.8838489,14.6,77.1,4,4,170270,57.6,3.037608201,222.7818933,0.25,49.80509804,5.383222084,168.3287095,37070221.91,17.42832456,-0.6,0,1,446.4227907,576.3434088,445.1365964,167.7211406,341.2338821,362.5409933,609.8381193,512.2302723,583.2568113,584.3137553,116.03,148.63,44.89,42.71869189,14.20291478,23.1003614,36.79027926,25.90644456,-4.54,2.189,-6.268529009,0,-3.309117997,-2.945419001
2020Q4,2,299509,1260.989975,347.8865184,585.187633,276.201324,562.1130035,14.4,78.76666667,4,4,170678,59.5,3.309035671,184.3012418,0.25,37.17176471,5.399438369,168.6294942,37956056.12,17.45193963,-1.3,0,1,449.6553065,577.9787273,481.7507031,172.0061603,347.3094045,372.2964411,617.7426767,514.7530292,585.0216038,586.9690422,125.35,163.7,50.28,44.5199793,15.12056048,23.0499922,36.33554534,25.49390198,-3.51,2.468134921,-0.956737574,0,-1.825148505,-0.040246804
2021Q1,2.119565217,302105.1,1261.853025,355.0268648,587.2193462,279.7538786,563.3910212,14.66666667,79.8,3.75,3.75,171084,59.8,3.672155786,177.1534768,0.25,27.23843137,5.475513655,170.028609,38692378.68,17.47115321,-0.9,0,1,450.9522745,579.3953175,487.3800269,175.8407821,349.8702145,388.1185982,618.9044161,516.9578938,585.756227,591.1310958,140.31,184.01,60.8,60.56729503,15.2659,23.0113,35.9841,25.7387,-2.65,3.638342413,2.551387235,0,-0.190245625,0.870706124
2021Q2,3.351190476,302297.1,1261.916559,360.9864474,588.8840416,282.805419,564.4759096,14.56666667,81.66666667,3.75,3.75,171485,60.8,3.92990061,183.5455267,0.25,17.07176471,5.293619365,166.6502202,39366208.64,17.48841836,-0.5,0,1,452.0402412,580.8218316,492.4441505,180.4355706,350.3349357,401.0319386,619.9381054,519.5373764,585.8889656,594.4041071,150.93,207.59,72.48,68.62686868,15.0327,23.1312,35.2685,26.5676,-1.95,5.573665078,0.925505743,0,1.518086817,0.480825602
2021Q3,4.992424242,302297.1,1261.916559,371.8870717,591.8590238,289.7008276,566.8848762,13.13333333,81.3,3.75,3.75,171886,61.9,4.195788629,180.9169848,0.25,16.63843137,5.23157987,165.4713311,40117412.44,17.50732102,-0.5,0,1,454.4504448,582.4971174,510.4207534,185.4394708,356.290937,419.5509806,623.5235392,522.2728526,587.5747636,598.9185046,156.2,211.44,87.12,73.00196969,15.09355472,23.15763053,34.89199532,26.85681943,-1.5,7.363692557,2.778334124,0,2.970773897,0.366730259
2021Q4,7.712732919,304298.9,1262.576572,382.887572,594.77414,297.4055169,569.5096584,11.6,81,3.75,3.75,172283,62.5,4.928369448,227.0770355,0.25,16.87176471,5.582934848,171.9714597,40678355,17.52120669,-1,0,1,457.0873049,584.855265,521.43671,192.4958537,363.823695,435.23053,625.6587906,526.0074614,589.6669396,602.5875845,165.81,221.4,79.62,79.57501977,14.9753599,23.16489266,34.40933764,27.4504098,-1.2,10.39797098,2.13544034,0,3.359981888,0.843369209
2022Q1,10.39891304,305814.45,1263.073382,395.142472,597.9246389,307.788641,572.9413317,11.16666667,81,3.5,3.5,172546,62.2,5.3,220.4303952,0.293478261,11.47176471,5.228133508,165.4054333,40964858.47,17.52822515,-0.9,0,1,460.5170186,587.9789213,554.2870933,199.3491255,371.9086426,445.7410103,631.7682772,529.5057687,591.864824,604.9738089,183.34,261.2,129.99,98.96081954,15.2127,23.5001,34.4975,26.7893,-1.1,12.04737903,2.533396691,0,3.743280328,1.654081358
2022Q2,12.47727273,,,,,,,10.15,81,3.5,3.5,,,5.8,240.9454776,0.954545455,8.030235297,4.921398276,159.3592693,,,0,0,0,,,,,,,,,,,183.34,261.2,129.99,110,,,,,-1.3,,8.352525563,0,,
2022Q3,,,,,,,,,,3.5,3.5,,,,,1.8,5.621164708,,,,,0,0,0,,,,,,,,,,,183.34,261.2,129.99,110,,,,,,,,0,,
2022Q4,,,,,,,,,,3.5,3.5,,,,,2.5,3.934815296,,,,,0,0,0,,,,,,,,,,,183.34,261.2,129.99,110,,,,,,,,0,,
2023Q1,,,,,,,,,,3.25,3.25,,,,,3,2.754370707,,,,,0,0,0,,,,,,,,,,,183.34,261.2,129.99,110,,,,,,,,0,,
2023Q2,,,,,,,,,,3.25,3.25,,,,,3.5,1.928059495,,,,,0,0,0,,,,,,,,,,,183.34,261.2,129.99,110,,,,,,,,0,,
2023Q3,,,,,,,,,,3.25,3.25,,,,,3.5,1.349641646,,,,,0,0,0,,,,,,,,,,,183.34,261.2,129.99,110,,,,,,,,0,,
2023Q4,,,,,,,,,,3.25,3.25,,,,,3,0.944749152,,,,,0,0,0,,,,,,,,,,,183.34,261.2,129.99,110,,,,,,,,0,,
2024Q1,,,,,,,,,,3,3,,,,,2.5,0.661324407,,,,,0,0,0,,,,,,,,,,,183.34,261.2,129.99,110,,,,,,,,0,,
2024Q2,,,,,,,,,,3,3,,,,,2,0.462927085,,,,,0,0,0,,,,,,,,,,,183.34,261.2,129.99,110,,,,,,,,0,,
2024Q3,,,,,,,,,,3,3,,,,,2,0.324048959,,,,,0,0,0,,,,,,,,,,,183.34,261.2,129.99,110,,,,,,,,0,,
2024Q4,,,,,,,,,,3,3,,,,,2,0.226834272,,,,,0,0,0,,,,,,,,,,,183.34,261.2,129.99,110,,,,,,,,0,,
2025Q1,,,,,,,,,,3,3,,,,,2,0.15878399,,,,,0,0,0,,,,,,,,,,,183.34,261.2,129.99,110,,,,,,,,0,,
2025Q2,,,,,,,,,,3,3,,,,,2,0.111148793,,,,,0,0,0,,,,,,,,,,,183.34,261.2,129.99,110,,,,,,,,0,,
2025Q3,,,,,,,,,,3,3,,,,,2,0.077804155,,,,,0,0,0,,,,,,,,,,,183.34,261.2,129.99,110,,,,,,,,0,,
2025Q4,,,,,,,,,,3,3,,,,,2,0.054462909,,,,,0,0,0,,,,,,,,,,,183.34,261.2,129.99,110,,,,,,,,0,,
2026Q1,,,,,,,,,,3,3,,,,,2,0.038124036,,,,,0,0,0,,,,,,,,,,,183.34,261.2,129.99,110,,,,,,,,0,,
2026Q2,,,,,,,,,,3,3,,,,,2,0.026686825,,,,,0,0,0,,,,,,,,,,,183.34,261.2,129.99,110,,,,,,,,0,,
2026Q3,,,,,,,,,,3,3,,,,,2,0.018680778,,,,,0,0,0,,,,,,,,,,,183.34,261.2,129.99,110,,,,,,,,0,,
2026Q4,,,,,,,,,,3,3,,,,,2,0.013076544,,,,,0,0,0,,,,,,,,,,,183.34,261.2,129.99,110,,,,,,,,0,,
